Caffeine_Intake,Reaction_Time,Cognitive_Score
80000.0,80000.0,80000.0
248.9882125,399.97357874999994,58.172394874999995
144.54199010457504,115.36932885279974,23.058522151449722
0.0,200.0,0.0
123.0,300.15,40.91
249.0,400.36,58.36
375.0,499.25,75.83
499.0,599.99,100.0
